Full Name,Division,Country
PATRICK SANTOS,M35-39, PHILIPPINES
ALLEN PAGUNTALAN,M35-39, PHILIPPINES
JOHN HOWARD GARCIA,M35-39, PHILIPPINES
RETZEL ORQUIZA,M35-39, PHILIPPINES
JEREMY DAVID,M35-39, PHILIPPINES
LI SHENG,M35-39, CHINA
RAYMOND JOHN ORDOVEZA,M35-39, PHILIPPINES
SOHIL PAREKH,M35-39, INDIA
IAN RAY LOPEZ,M35-39, PHILIPPINES
NEIL BRYAN DE MATA,M35-39, PHILIPPINES
JESUS GERARDO MAGSAYSAY,M35-39, PHILIPPINES
JERRY MANTILLA,M35-39, PHILIPPINES
ALFRED LUCINA,M35-39, UNITED STATES
JEFFERSON SINAMBAN,M35-39, PHILIPPINES
CHRISTIAN JASEN ROBLES,M35-39, PHILIPPINES
KENNETH DAVID,M35-39, PHILIPPINES
MARK ANTHONY MARQUEZ,M35-39, PHILIPPINES
KRISTIAN CABAHUG,M35-39, PHILIPPINES
DAVID MACEDA,M35-39, PHILIPPINES
CHI PENG,M35-39, CHINA
JOEL RAMOS,M35-39, PHILIPPINES
SUNLIZ BRIAN DONATO,M35-39, PHILIPPINES
DARWIN BONAGUA,M35-39, PHILIPPINES
FRANCO MARLO CORTEZ,M35-39, PHILIPPINES
ARIS BRIONES,M35-39, PHILIPPINES
REGINALD SANTOS,M35-39, PHILIPPINES
ANTONIO MACIAS,M35-39, UNITED STATES
MARK JONAS RIVERA,M35-39, PHILIPPINES
LUIS ANTONIO CARBALLO,M35-39, PHILIPPINES
DARWIN EUGENIO,M35-39, PHILIPPINES
GEORGE JASON MALIWAT,M35-39, PHILIPPINES
DANIEL ACHONDO,M35-39, PHILIPPINES
AL ADRIAN ANTIPASADO,M35-39, PHILIPPINES
CHEN SUIQING,M35-39, CHINA
SERGIO II YAP,M35-39, PHILIPPINES
ARIS BERNARD PORTUGAL,M35-39, PHILIPPINES
JOHN PAUL STEPHEN BERNIE CORPUS,M35-39, PHILIPPINES
GERARD SONGCO,M35-39, PHILIPPINES
MENDELF BILLEDO,M35-39, PHILIPPINES
DINO REYES,M35-39, PHILIPPINES
KENNETH BARREDO,M35-39, PHILIPPINES
JEMARVIN CABILAN,M35-39, PHILIPPINES
TIMOTHY JOSEPH RABENA,M35-39, PHILIPPINES
ALLAN GERARD FRANCISCO,M35-39, PHILIPPINES
IGNATIUS GADRIC CHUSENFU,M35-39, PHILIPPINES
RAFAEL RALPH DAGUMAN,M35-39, PHILIPPINES
DONGDONG LIU,M35-39, CHINA
JOHN DENNIS DAVID,M35-39, PHILIPPINES
CHRISTIAN CARLO CASTRO,M35-39, PHILIPPINES
FRANDIZON REYES,M35-39, PHILIPPINES
JOSEPH EDWARD FUENTES,M35-39, PHILIPPINES
ROMAN DIMAANDAL,M35-39, PHILIPPINES
MOHAMMAD SHERWIN MANAGIL,M35-39, PHILIPPINES
JOANNES PAULUS ADOREMUS,M35-39, PHILIPPINES
LEANDRO GARCIA,M35-39, PHILIPPINES
JOHN CARL ROLDAN,M35-39, PHILIPPINES
ANTHONY MANABAT,M35-39, PHILIPPINES
RONALD MOLIT,M35-39, PHILIPPINES
JASOM DEL ROSARIO,M35-39, PHILIPPINES
WANG JI,M35-39, CHINA
JULIO RIVERO,M35-39, PHILIPPINES
ARVIN BONBON,M35-39, PHILIPPINES
RONALD BOLO,M35-39, PHILIPPINES
CARLOS CHIVAS YUIPCO,M35-39, PHILIPPINES
REDOLFO PLOPINIO,M35-39, PHILIPPINES
JEFFREY BALBAS,M35-39, PHILIPPINES
MIKEY CHUA,M35-39, PHILIPPINES
FROINAND FAJARDO,M35-39, PHILIPPINES
DERECK SARANGAYA,M35-39, PHILIPPINES
RICHARD BITOY,M35-39, PHILIPPINES
DARRYL PARULAN,M35-39, PHILIPPINES
RAMONCITO TOMAS PALU-AY,M35-39, PHILIPPINES
ALAN YAP,M35-39, SINGAPORE
IAN NORMAN DATO,M35-39, PHILIPPINES
CHAO SHI,M35-39, CHINA
ERWIN GENUINO,M35-39, PHILIPPINES
JUNY REX CARREON,M35-39, PHILIPPINES
EMMANUEL LEO LIM,M35-39, PHILIPPINES
RYAN CAPUNO,M35-39, PHILIPPINES
KENNETH AMIEL TAYLOR,M35-39, PHILIPPINES
PETR LUKOSZ,M35-39, CZECH REPUBLIC
CRIS TABANIAG,M35-39, PHILIPPINES
EMIL ANCHETA,M35-39, PHILIPPINES
RYAN ESCAREZ,M35-39, PHILIPPINES
ALDEAN PHILIP LIM,M35-39, PHILIPPINES
JAMES TAN,M35-39, SINGAPORE
ISIDRO VICENTE,M35-39, PHILIPPINES
CHRISTOPHER CUEVAS,M35-39, PHILIPPINES
ERVIN IROY,M35-39, PHILIPPINES
VAL ANTHONY UY,M35-39, PHILIPPINES
FRANZ BAGUIO,M35-39, PHILIPPINES
CHRISTOPHER DEL ROSARIO,M35-39, PHILIPPINES
ANGELO ILAO,M35-39, GUAM
RUEL DALES,M35-39, PHILIPPINES
HANS TABARANZA,M35-39, PHILIPPINES
FREDRIK FELIX NOGALES,M35-39, PHILIPPINES
KIKO ABANTE,M35-39, PHILIPPINES
PUTHIPONG YIMVUTHIKUL,M35-39, THAILAND
NEIL REGINO,M35-39, PHILIPPINES
ROMUALDO TAMAYO,M35-39, PHILIPPINES
JAMES ARVIN ISON,M35-39, PHILIPPINES
JAEL DAVID WENCESLAO,M35-39, PHILIPPINES
KARL MARK MARTINEZ,M35-39, PHILIPPINES
ALLAN SASING,M35-39, PHILIPPINES
BACHTIAR EFFENDY NG,M35-39, INDONESIA
JASON ESPERANCILLA,M35-39, PHILIPPINES
KARL REFORMINA,M35-39, PHILIPPINES
LENCE DAYO,M35-39, PHILIPPINES
PATRICK MITCHELL SARMIENTO,M35-39, PHILIPPINES
NIKOLAI JENKINS,M35-39, UNITED STATES
LAWRENCE YU,M35-39, PHILIPPINES
DARWIN ALQUIZA,M35-39, PHILIPPINES
JORDAN DAVID,M35-39, PHILIPPINES
ABRAHAM ALCANTARA,M35-39, PHILIPPINES
REAGAN DIAZ,M35-39, PHILIPPINES
JOFERT PETALINO,M35-39, PHILIPPINES
JIAJI LI,M35-39, CHINA
GINO MACAPAGAL,M35-39, PHILIPPINES
SERVANDO TIMBOL,M35-39, PHILIPPINES
EDGAR ALVIN PASION,M35-39, PHILIPPINES
JOSE PAULO GONZALES,M35-39, PHILIPPINES
JOSEPH CANARES,M35-39, PHILIPPINES
PHILIPPE BONALOS,M35-39, PHILIPPINES
PAULO MARTIN VELARDE,M35-39, UNITED STATES
GEOVANI LAPINA,M35-39, PHILIPPINES
ARTHUR JOSEPH MARQUEZ,M35-39, PHILIPPINES
LAURENCE AVANZADO,M35-39, PHILIPPINES
ERICK ANDREW OLONAN,M35-39, PHILIPPINES
FELIPE SAJULGA,M35-39, PHILIPPINES
CLIFFORD BANZUELA,M35-39, PHILIPPINES
LI SONGZE,M35-39, CHINA
JOSE ANTONIO FEDERIZON,M35-39, PHILIPPINES
VINCE SEVILLA,M35-39, PHILIPPINES
ELMER JOHN PAUL DELA ROSA,M35-39, PHILIPPINES
BENJAMIN BALAIS,M35-39, PHILIPPINES
NOEL FREDERICK PENEYRA,M35-39, PHILIPPINES
JAMES SANTIAGO,M35-39, PHILIPPINES
ANH LE,M35-39, VIET NAM
ANGELO LEANO,M35-39, PHILIPPINES
CHRISTIAN SIERRA,M35-39, PHILIPPINES
POL AQUINO,M35-39, PHILIPPINES
JAE JAVILLIONAR,M35-39, PHILIPPINES
JAY JAY CANTOR,M35-39, PHILIPPINES
ALAN GALANG,M35-39, PHILIPPINES
LIN FENG HE,M35-39, CHINA
JOENIEL ASTILLERO,M35-39, PHILIPPINES
DIOGENES ALEJANDRO PIA,M35-39, PHILIPPINES
RAMONCITO GONZALES,M35-39, PHILIPPINES
JUAN PAOLO GONZALES,M35-39, PHILIPPINES
JOSEPH ANGELO ALKONGA,M35-39, PHILIPPINES
JOSE CARLO UMALI,M35-39, PHILIPPINES
MYCHAEL VICENCIO,M35-39, PHILIPPINES
FRED FRANCIS PERONO,M35-39, PHILIPPINES
ALLAN ROMERO,M35-39, PHILIPPINES
RAVI MICHAEL VICTORIO,M35-39, PHILIPPINES
WILLIAM VICERA,M35-39, PHILIPPINES
JEREMY LIZARDO,M35-39, PHILIPPINES
朱 朱一君,M35-39, CHINA
SANCHO HONRADO,M35-39, PHILIPPINES
BEODALDY BOMBEO,M35-39, PHILIPPINES
ARISTOTLE CAJUCOM,M35-39, PHILIPPINES
JERIC SACLAUSO,M35-39, PHILIPPINES
NICHOLAS GEAGA,M35-39, PHILIPPINES
ARNOLD ERNEST JUSAYAN,M35-39, PHILIPPINES
TRISTAN JOHN MORALEJA,M35-39, PHILIPPINES
RECARDO CORDOVA,M35-39, PHILIPPINES
ARJAE RAVAGO,M35-39, PHILIPPINES
CHESTER CATILAGO,M35-39, PHILIPPINES
MANUEL INIGO LAIG,M35-39, PHILIPPINES
DENNIS DAVID GAN,M35-39, PHILIPPINES
RAYMOND FLORES,M35-39, PHILIPPINES
MENDELSON DELA CUESTA,M35-39, PHILIPPINES
ZHENG CHUN,M35-39, CHINA
TIMOTHY JOSEPH ISLA,M35-39, PHILIPPINES
MARLONECO LASER,M35-39, PHILIPPINES
ALFEO SINOGAYA,M35-39, PHILIPPINES
SHERWIN LESTER MAILIG,M35-39, PHILIPPINES
IRWIN RAMAS UYPITCHING,M35-39, PHILIPPINES
BERNARDO JR NERI,M35-39, PHILIPPINES
PHILLIPP CHUA,M35-39, PHILIPPINES
JBERN EUGENIO,M35-39, PHILIPPINES
DON TAGUIAM,M35-39, PHILIPPINES
KAMEN SIM,M35-39, SINGAPORE
JED TRISTAN ANTHONY ABADILLA,M35-39, PHILIPPINES
YI PING LIU,M35-39, CHINA
LEVI MALIWAT,M35-39, PHILIPPINES
JOSEPH RAMIREZ,M35-39, PHILIPPINES
AROJO SANTOS,M35-39, PHILIPPINES
JOHN PAUL FONTILLAS,M35-39, PHILIPPINES
TOMAS MIGUEL MIRANDA,M35-39, PHILIPPINES
JOHN WESLEY JR,M35-39, GUAM
NEIL ANGELO DELARMENTE,M35-39, PHILIPPINES
"GLENN CEASAR, JR. DE GUZMAN",M35-39, PHILIPPINES
MARTIN LUTHER NORIAL,M35-39, PHILIPPINES
GENE GREGOR SAMPAGA,M35-39, PHILIPPINES
GUAM JOSHUA,M35-39, SINGAPORE
JESSIEMER NERONA,M35-39, PHILIPPINES
JEROLD SUNDIAM,M35-39, PHILIPPINES
JAY MARK RUSTIA,M35-39, PHILIPPINES
RAMON RODRIGUEZ,M35-39, PHILIPPINES
CHARLES HESED FERNANDEZ,M35-39, PHILIPPINES
RICHARD GABAGAT,M35-39, PHILIPPINES
GARY SCHOENHALS,M35-39, GUAM
FRITZ JOEL DELA CRUZ,M35-39, PHILIPPINES
MIGUEL LUIS PELINO,M35-39, PHILIPPINES
MARK ANTHONY QUE,M35-39, PHILIPPINES
CLIVE MANUEL WEE SIT,M35-39, PHILIPPINES
JEN CHUNG CHIANG,M35-39, TAIWAN
MIKE HALILI,M35-39, PHILIPPINES
